acrD,GTATAAAAGGGCATG
aer,GTAACAGAGTGAAAG
alx (ygjT),GTAAAACAGTGTAAA
aroG,GTAAAACCCCGTTTA
bacA,GTAAAGCGGCGAAAA
bamE,GCAAAACGCCGTAAG
cpxR/cpxP1,GTAAAACAACGTAAA
cpxR/cpxP2,GCAAACATGCGTCAG
csgB1,GTAACGCAGCGTTAA
csgB2,GTAAAAAATTGTCCA
csgD1,GTAACTAAATGTAAC
degP1 (htrA),gtaaagacgaacaat
degP2,gtaaattaccgtcag
dgcZ (ydeH),gtcaatattttcata
dsbC,GTAAAGGCAACAAAG
efeU*(ycdN),ggaatgtttataaaa
fabA,gtagaagaaggcaaa
fabB,gtaaggctgcgcaaa
ftnB,Gtaaaaatatataaa
ldtD,GCAACTCCCTGAAAC
marR,gcaagtataagtcaa
motA,GTAAAAAGACGTAAA
mviM,GTAAATCACCGTCAA
mzrA (yqjA),Gtcagcctgtgtaaa
ompC,GTAAAGAAGGGTAAA
ompF1,GTAACCAAAAGTAAA
ompF2,GTAATATTCCGTAAC
ppiA,Gtaaaattaggtaaa
psd,GTAAAAACGCGTAAA
rseD,GTAAAGTTCCGTAAC
skp,GTAAAACCTGGTAAG
slt,GTAACGTGGCGTAAA
spy,gtaaaacaatgaaag
srkA (yihE),gtaaaagcttgtaag
tomB (ybaJ),GTAATTTTTCGTAAT
tsr,GTAAAGTAAGGTAAA
ung,GCAAAAAAATGTAAA
yccA,gtaaagatgggtaaa
yebE,gtatatcgagacaaa
yidQ,GTAAAGCGGGGATAA
yqaE,GTAAATGAGAGTAAA
carA,GTAAATCAATGCAAA
dusB,GCAAATTTGCGTAAA
shoB,GTAAAGCACAGCAAA
chaA,GTAAAAATTCGTAAA
ampH,GTAACGGCGCGTAAA
amiC,GTAAAGGAACGTAAA
acs,GTAAGTGCATGTAAA
