degP1,GTAAAAATTTATTGT
skp,GTAAAACCTGGTAAG
ppiD1,GTAAACTAAGCGTTG
ppiD2,GTAAAGCACTGAAAG
ppiD3,GTAAAGAGATCACCA
tomB,GTAATTTTTCGTAAT
aroG,GTAAAACCCCGTTTA
ldtD,GCAACTCCCTGAAAC
ompF1,GTAACCAAAAGTAAA
yccA,GTAAAGATGGGTAAA
csgD-csgB1,GAAATCAGATGTAAT
csgD-csgB2,GTTACATTTAGTTAC
csgD-csgB4,GTAACGCAGCGTTAA
csgD-csgB5,GTAACTAAATGTAAC
csgD-csgB6,GTAAAAAATTGTCCA
marR,GCAAGTATAAGTCAA
spy,GTAAAACAATGAAAG
yebE,GTATATCGAGACAAA
motA,GTAAAAAGACGTAAA
ftnB,GTAAAAATATATAAA
mdtA,GGAATCGTCTGAATG
ompC,GTAAAGAAGGGTAAA
rseD,GTAAAGTTCCGTAAC
ung,GCAAAAAAATGTAAA
bamE,GCAAAACGCCGTAAG
yqaE,GTAAATGAGAGTAAA
bacA,GTAAAGCGGCGAAAA
ppiA,GTAAAATTAGGTAAA
yidQ,GTAAAGCGGGGATAA
srkA,GTAAAAGCTTGTAAG
cpxR-cpxP1,GTAAAACAACGTAAA
cpxR-cpxP2,GCAAACATGCGTCAG
psd,GTAAAAACGCGTAAA
tsr,GTAAAGTAAGGTAAA
slt,GTAACGTGGCGTAAA
fabA,GTAGAAGAAGGCAAA
fabB,GTAAGGCTGCGCAAA
