acrD,GTATAAAAAGGGCATG
aer,GTAACAGAAGTGAAAG
alx (ygjT),GTAAAACAAGTGTAAA
aroG,GTAAAACCCCCGTTTA
bacA,GTAAAGCGGGCGAAAA
bamE,GCAAAACGGCCGTAAG
cpxR/cpxP1,GTAAAACAAACGTAAA
cpxR/cpxP2,GCAAACATTGCGTCAG
csgB1,GTAACGCAAGCGTTAA
csgB2,GTAAAAAAATTGTCCA
csgD1,GTAACTAAAATGTAAC
degP1 (htrA),gtaaagaccgaacaat
degP2,gtaaattaaccgtcag
dgcZ (ydeH),gtcaatatttttcata
dsbC,GTAAAGGCCAACAAAG
efeU*(ycdN),ggaatgttttataaaa
fabA,gtagaagaaaggcaaa
fabB,gtaaggcttgcgcaaa
ftnB,Gtaaaaattatataaa
ldtD,GCAACTCCCCTGAAAC
marR,gcaagtattaagtcaa
motA,GTAAAAAGGACGTAAA
mviM,GTAAATCAACCGTCAA
mzrA (yqjA),Gtcagccttgtgtaaa
ompC,GTAAAGAAAGGGTAAA
ompF1,GTAACCAAAAAGTAAA
ompF2,GTAATATTTCCGTAAC
ppiA,Gtaaaatttaggtaaa
psd,GTAAAAACCGCGTAAA
rseD,GTAAAGTTTCCGTAAC
skp,GTAAAACCCTGGTAAG
slt,GTAACGTGGGCGTAAA
spy,gtaaaacaaatgaaag
srkA (yihE),gtaaaagccttgtaag
tomB (ybaJ),GTAATTTTTTCGTAAT
tsr,GTAAAGTAAAGGTAAA
ung,GCAAAAAAAATGTAAA
yccA,gtaaagattgggtaaa
yebE,gtatatcggagacaaa
yidQ,GTAAAGCGGGGGATAA
yqaE,GTAAATGAAGAGTAAA
carA,GTAAATCAAATGCAAA
dusB,GCAAATTTTGCGTAAA
shoB,GTAAAGCAACAGCAAA
chaA,GTAAAAATTTCGTAAA
ampH,GTAACGGCCGCGTAAA
amiC,GTAAAGGAAACGTAAA
acs,GTAAGTGCCATGTAAA
