RS_Z_S_1F,tagtGCGATAATCCAATTAGTAGA
RS_Z_S_1R,AAACTCTACTAATTGGATTATCGC
RS_Z_S_5F,tagtTAATCCAATTAGTAGAAGGG
RS_Z_S_5R,AAACCCCTTCTACTAATTGGATTA
RS_Z_S_8F,tagtAAACTTCTACTCCAGACGCA
RS_Z_S_8R,AAACTGCGTCTGGAGTAGAAGTTT
RS_Z_S_9F,tagtTCGCTATGCATCCGTGCGTA
RS_Z_S_9R,AAACTACGCACGGATGCATAGCGA
RS_Z_S_10F,tagtCGCTATGCATCCGTGCGTAA
RS_Z_S_10R,AAACTTACGCACGGATGCATAGCG
RS_Z_S_15F,tagtATGATCAGGGTATCAAACTC
RS_Z_S_15R,AAACGAGTTTGATACCCTGATCAT
RS_Z_S_16F,tagtCAGGCCGCACACACATTAGA
RS_Z_S_16R,AAACTCTAATGTGTGTGCGGCCTG
RS_Z_S_19F,tagtTTTGCCCACGAGGAGTGAGT
RS_Z_S_19R,AAACACTCACTCCTCGTGGGCAAA
RS_Z_A_6F,tagtAGCACCGTCTAATGTGTGTG
RS_Z_A_6R,AAACCACACACATTAGACGGTGCT
RS_Z_A_7F,tagtTCTCAGTAATCCCTTACGCA
RS_Z_A_7R,AAACTGCGTAAGGGATTACTGAGA
RS_Z_A_8F,tagtATGCATAGCGACCGTGCGTC
RS_Z_A_8R,AAACGACGCACGGTCGCTATGCAT
RS_Z_A_9F,tagtAGTTTCCAACTCAAGCCTGC
RS_Z_A_9R,AAACGCAGGCTTGAGTTGGAAACT
RS_Z_A_10F,tagtTTCCAACTCAAGCCTGCTGG
RS_Z_A_10R,AAACCCAGCAGGCTTGAGTTGGAA
RS_Z_A_11F,tagtGCGGCCCCCCTTCTACTAAT
RS_Z_A_11R,AAACATTAGTAGAAGGGGGGCCGC
