RS_W_S_1F,tagtAATCCGTTGTAAGAACCTGC
RS_W_S_1R,AAACGCAGGTTCTTACAACGGATT
RS_W_S_2F,tagtCCGTTGTAAGAACCTGCTGG
RS_W_S_2R,AAACCCAGCAGGTTCTTACAACGG
RS_W_S_3F,tagtCGTTGTAAGAACCTGCTGGC
RS_W_S_3R,AAACGCCAGCAGGTTCTTACAACG
RS_W_S_4F,tagtGTTGTAAGAACCTGCTGGCG
RS_W_S_4R,AAACCGCCAGCAGGTTCTTACAAC
RS_W_S_5F,tagtTTGTAAGAACCTGCTGGCGG
RS_W_S_5R,AAACCCGCCAGCAGGTTCTTACAA
RS_W_S_9F,tagtGACAAACTTCAACCGCGTAG
RS_W_S_9R,AAACCTACGCGGTTGAAGTTTGTC
RS_W_S_10F,tagtAACCGCGTAGTGGCCAGATC
RS_W_S_10R,AAACGATCTGGCCACTACGCGGTT
RS_W_S_11F,tagtTGGCCAGATCCGGTTTCCTG
RS_W_S_11R,AAACCAGGAAACCGGATCTGGCCA
RS_W_S_12F,tagtTCCTGCGGAACCCACCAATT
RS_W_S_12R,AAACAATTGGTGGGTTCCGCAGGA
RS_W_S_13F,tagtCCCACCAATTTGGTACTAAG
RS_W_S_13R,AAACCTTAGTACCAAATTGGTGGG
RS_W_S_14F,tagtCCCCTTGTTCGTCATTCCCC
RS_W_S_14R,AAACGGGGAATGACGAACAAGGGG
RS_W_S_15F,tagtCCCTTGTTCGTCATTCCCCA
RS_W_S_15R,AAACTGGGGAATGACGAACAAGGG
RS_W_S_16F,tagtCCTTGTTCGTCATTCCCCAG
RS_W_S_16R,AAACCTGGGGAATGACGAACAAGG
RS_W_S_17F,tagtCCCCAGGGGACTTTAATTGT
RS_W_S_17R,AAACACAATTAAAGTCCCCTGGGG
RS_W_S_18F,tagtCCCAGGGGACTTTAATTGTT
RS_W_S_18R,AAACAACAATTAAAGTCCCCTGGG
RS_W_S_19F,tagtCCAGGGGACTTTAATTGTTG
RS_W_S_19R,AAACCAACAATTAAAGTCCCCTGG
RS_W_S_20F,tagtGTCAGCCTGCTGTCCGACTA
RS_W_S_20R,AAACTAGTCGGACAGCAGGCTGAC
RS_W_S_21F,tagtTCAGCCTGCTGTCCGACTAC
RS_W_S_21R,AAACGTAGTCGGACAGCAGGCTGA
RS_W_A_2F,tagtCCCCAACAATTAAAGTCCCC
RS_W_A_2R,AAACGGGGACTTTAATTGTTGGGG
RS_W_A_3F,tagtCCCAACAATTAAAGTCCCCT
RS_W_A_3R,AAACAGGGGACTTTAATTGTTGGG
RS_W_A_4F,tagtCCAACAATTAAAGTCCCCTG
RS_W_A_4R,AAACCAGGGGACTTTAATTGTTGG
RS_W_A_5F,tagtCCCCTGGGGAATGACGAACA
RS_W_A_5R,AAACTGTTCGTCATTCCCCAGGGG
RS_W_A_6F,tagtCCCTGGGGAATGACGAACAA
RS_W_A_6R,AAACTTGTTCGTCATTCCCCAGGG
RS_W_A_7F,tagtCCTGGGGAATGACGAACAAG
RS_W_A_7R,AAACCTTGTTCGTCATTCCCCAGG
RS_W_A_8F,tagtGAATGACGAACAAGGGGCAT
RS_W_A_8R,AAACATGCCCCTTGTTCGTCATTC
RS_W_A_9F,tagtTGGTCCTCTTAGTACCAAAT
RS_W_A_9R,AAACATTTGGTACTAAGAGGACCA
RS_W_A_10F,tagtTCCTCTTAGTACCAAATTGG
RS_W_A_10R,AAACCCAATTTGGTACTAAGAGGA
RS_W_A_11F,tagtCCTCTTAGTACCAAATTGGT
RS_W_A_11R,AAACACCAATTTGGTACTAAGAGG
RS_W_A_12F,tagtACCAAATTGGTGGGTTCCGC
RS_W_A_12R,AAACGCGGAACCCACCAATTTGGT
RS_W_A_13F,tagtTGGTGGGTTCCGCAGGAAAC
RS_W_A_13R,AAACGTTTCCTGCGGAACCCACCA
RS_W_A_14F,tagtGTTCCGCAGGAAACCGGATC
RS_W_A_14R,AAACGATCCGGTTTCCTGCGGAAC
RS_W_A_15F,tagtAACCGGATCTGGCCACTACG
RS_W_A_15R,AAACCGTAGTGGCCAGATCCGGTT
RS_W_A_16F,tagtACGCGGTTGAAGTTTGTCCC
RS_W_A_16R,AAACGGGACAAACTTCAACCGCGT
RS_W_A_18F,tagtCCGCCAGCAGGTTCTTACAA
RS_W_A_18R,AAACTTGTAAGAACCTGCTGGCGG
RS_W_A_19F,tagtCAACGGATTGATGAATACAC
RS_W_A_19R,AAACGTGTATTCATCAATCCGTTG
RS_W_A_20F,tagtAACGGATTGATGAATACACA
RS_W_A_20R,AAACTGTGTATTCATCAATCCGTT
RS_W_A_21F,tagtATTGATGAATACACAGGGTT
RS_W_A_21R,AAACAACCCTGTGTATTCATCAAT
RS_W_A_22F,tagtTTGATGAATACACAGGGTTC
RS_W_A_22R,AAACGAACCCTGTGTATTCATCAA
RS_W_A_23F,tagtATGAATACACAGGGTTCGGG
RS_W_A_23R,AAACCCCGAACCCTGTGTATTCAT
